https://www.udemy.com/course/microsoft-az-900-microsoft-azure-microsoft-certification/,https://www.udemy.com/course/aws-certified-solutions-architect-associate-saa-c03/,https://www.udemy.com/course/google-cloud-certification-associate-cloud-engineer/
https://www.udemy.com/course/az-303-microsoft-azure-architect-technologies-exam/,https://www.udemy.com/course/aws-certified-cloud-practitioner-new/,https://www.udemy.com/course/google-cloud-professional-cloud-architect-certification/
https://www.udemy.com/course/aspnet-core-web-api-csharp-dotnet-course-bootcamp/,https://www.udemy.com/course/aws-certified-developer-associate-dva-c01/,https://www.udemy.com/course/google-cloud-digital-leader-certification/
https://www.udemy.com/course/azure-devops-and-internet-of-things-essentials/,https://www.udemy.com/course/aws-certified-associate-architect-developer-sysops-admin/,https://www.udemy.com/course/google-cloud-certified-professional-cloud-developer/
https://www.udemy.com/course/ai-900-microsoft-azure-ai-fundamentals-practice-tests-new/,https://www.udemy.com/course/introduction-to-cloud-computing-on-amazon-aws-for-beginners/,https://www.udemy.com/course/google-certified-associate-cloud-engineer-2019-prep-course/
https://www.udemy.com/course/preparation-a-la-certification-azure-fundamentals-az-900-v/,https://www.udemy.com/course/aws-solutions-architect-professional/,https://www.udemy.com/course/google-cloud-professional-architect-get-certified/
https://www.udemy.com/course/working-with-git-and-repos-in-azure-devops/,https://www.udemy.com/course/ultimate-aws-certified-sysops-administrator-associate/,https://www.udemy.com/course/google-associate-cloud-engineer-training/
https://www.udemy.com/course/ai-100design-and-implementing-azure-ai-solution-prac-test/,https://www.udemy.com/course/aws-certified-cloud-practitioner-training-course/,https://www.udemy.com/course/google-cloud-associate-cloud-engineer-certification-course/
https://www.udemy.com/course/azure-data-factory-for-azure-data-engineers-with-hands-on-labs/,https://www.udemy.com/course/aws-certified-solutions-architect-associate-hands-on/,https://www.udemy.com/course/gcp-for-developer/
https://www.udemy.com/course/6-practice-exams-azure-fundamentals-az-900/,https://www.udemy.com/course/hands-on-aws/,https://www.udemy.com/course/gcp-professional-cloud-architect/
https://www.udemy.com/course/az-500-microsoft-azure-security-technologies-exam/,https://www.udemy.com/course/aws-certified-advanced-networking-specialty-ans/,https://www.udemy.com/course/bigquery-ml-course/
https://www.udemy.com/course/new-2021-microsoft-azure-ai-fundamentals/,https://www.udemy.com/course/aws-certified-devops-engineer-professional-hands-on/,https://www.udemy.com/course/google-cloud-gcp-professional-cloud-security-engineer-certification/
https://www.udemy.com/course/aws-azure-job-interview-preparation/,https://www.udemy.com/course/aws-certified-solutions-architect-associate-step-by-step/,https://www.udemy.com/course/practical-devops-kubernetes-istio-kiali-prometheus-nginx-google-cloud/
https://www.udemy.com/course/microsoft-azure-developer-associate-exam-practice-sets/,https://www.udemy.com/course/aws-certified-developer-associate-step-by-step/,https://www.udemy.com/course/google-cloud-function-serverless/
https://www.udemy.com/course/azure-fundamentals-dp-900-practice-tests/,https://www.udemy.com/course/aws-data-analytics/,https://www.udemy.com/course/google-cloud-database/
https://www.udemy.com/course/az-104-microsoft-azure-administrator-practice-tests-2023-t/,https://www.udemy.com/course/aws-machine-learning/,https://www.udemy.com/course/terraform-for-beginners-using-google-cloud/
https://www.udemy.com/course/az-204-developing-solutions-for-microsoft-azure-exam-b/,https://www.udemy.com/course/aws-cloud-practitioner-complete-aws-introduction/,https://www.udemy.com/course/devops-with-docker-kubernetes-and-azure-devops/
https://www.udemy.com/course/microsoft-power-platform-fundamentals-exam/,https://www.udemy.com/course/aws-cloudformation-master-class/,https://www.udemy.com/course/google-cloud-platform-for-aws-professionals/
https://www.udemy.com/course/azure-infrastructure-azure-for-profesionals/,https://www.udemy.com/course/aws-certified-cloud-practitioner/,https://www.udemy.com/course/terraform-on-aws-eks-kubernetes-iac-sre-50-real-world-demos/
https://www.udemy.com/course/az-104-microsoft-azure-administrator-practice-test-k/,https://www.udemy.com/course/aws-certified-database-specialty-dbs/,https://www.udemy.com/course/devsecops-in-gcp-integrate-sast-sca-dast-in-google-cloud-asecurityguru/
https://www.udemy.com/course/real-exam-questions-databricks-data-engineer-associate-v3/,https://www.udemy.com/course/aws-certified-cloud-practitioner-master-aws-fundamentals/,https://www.udemy.com/course/terraform-on-aws-with-sre-iac-devops-real-world-demos/
https://www.udemy.com/course/dp-900-azure-data-fundamentals-2023-practice-exams-new2023/,https://www.udemy.com/course/aws-certified-cloud-practitioner-step-by-step/,https://www.udemy.com/course/learn-kubernetes/
https://www.udemy.com/course/exam-az-900-microsoft-azure-fundamentals-2020/,https://www.udemy.com/course/the-ultimate-amazon-web-services-aws-bootcamp/,https://www.udemy.com/course/google-cloud-digital-leader-certification-for-gcp-beginner/
https://www.udemy.com/course/learn-azure-data-factory-and-aws-glue-etl/,https://www.udemy.com/course/aws-certified-solutions-architect-professional-training/,https://www.udemy.com/course/data-engineering-on-google-cloud-platform/
https://www.udemy.com/course/az-900-microsoft-fundamentals-practice-test/,https://www.udemy.com/course/networking-in-aws/,https://www.udemy.com/course/30-days-of-google-cloud-the-complete-gcp-beginners-bootcamp/
https://www.udemy.com/course/microsoft-azure-fundamentals-az-900-5-practice-exam-set-2023/,https://www.udemy.com/course/terraform-on-aws-eks-kubernetes-iac-sre-50-real-world-demos/,https://www.udemy.com/course/google-cloud-computing-engine-level-1-for-beginners/
https://www.udemy.com/course/sap-c02-aws-solution-architect-pro-real-exam-q-95-cover/,https://www.udemy.com/course/aws-serverless-a-complete-introduction/,https://www.udemy.com/course/google-cloud-architect/
https://www.udemy.com/course/microsoft-dp-201-designing-an-azure-data-solution-2021-b/,https://www.udemy.com/course/aws-business-essentials/,https://www.udemy.com/course/learn-gcp-become-a-certified-data-engineer-express-course/
https://www.udemy.com/course/microsoft-azure-dp-300-database-admin-exam-practice-test/,https://www.udemy.com/course/building-rest-apis-with-serverless/,https://www.udemy.com/course/kubernetes-crash-course-for-java-developers/
https://www.udemy.com/course/ai-900-microsoft-azure-ai-fundamentals-practice-tests-rm/,https://www.udemy.com/course/aws-codepipeline-step-by-step/,https://www.udemy.com/course/data-engineering-cloud-google-bigquery-data-studio/
https://www.udemy.com/course/modernize-nodejs-web-apps-with-azure-app-service/,https://www.udemy.com/course/aws-iam-aws-organizations-aws-sso-aws-directory-service-federation/,https://www.udemy.com/course/docker-and-kubernetes-the-complete-guide/
https://www.udemy.com/course/ai-900-microsoft-azure-ai-fundamentals-exam-practice-tests/,https://www.udemy.com/course/aws-certified-developer-associate-exam-training/,https://www.udemy.com/course/deepdives-gcs/
https://www.udemy.com/course/ai-900-microsoft-azure-ai-fundamentals-practice-test-l/,https://www.udemy.com/course/aws-serverless-a-complete-guide/,https://www.udemy.com/course/google-office-productivity/
https://www.udemy.com/course/new-az-900-microsoft-azure-fundamentals-pr-exam-questions/,https://www.udemy.com/course/aws-lambda-serverless-architecture/,https://www.udemy.com/course/terraformcertified/
https://www.udemy.com/course/az-204-developing-solutions-for-microsoft-azure-exam-g/,https://www.udemy.com/course/devsecops-with-terraform-kubernetes-jenkins-aws/,https://www.udemy.com/course/deploy-machine-learning-models-on-google-cloud-ai-platform/
https://www.udemy.com/course/microsoft-azure-security-exam-practice-test-az-500/,https://www.udemy.com/course/decodingdevops/,https://www.udemy.com/course/microservices-with-spring-boot-and-spring-cloud/
https://www.udemy.com/course/dp-900-microsoft-azure-data-fundamentals-exam-certification/,https://www.udemy.com/course/aws-certified-security-specialty-course/,https://www.udemy.com/course/google-cloud-platform/
https://www.udemy.com/course/learn-azure-cloud-pricing-cost-estimation/,https://www.udemy.com/course/docker-kubernetes-the-practical-guide/,https://www.udemy.com/course/serverless/
https://www.udemy.com/course/microsoft-az-500-certification-exam-preparation-test-updated/,https://www.udemy.com/course/aws-ec2-masterclass/,https://www.udemy.com/course/microservices-clean-architecture-ddd-saga-outbox-kafka-kubernetes/
https://www.udemy.com/course/learn-azure-devops-with-yaml-cicd-pipelines-live-project/,https://www.udemy.com/course/aws-certified-cloud-practitioner-certification-training/,https://www.udemy.com/course/go-programming-language/
https://www.udemy.com/course/azure-ai-solution-ai-102-practice-exam/,https://www.udemy.com/course/aws-certified-sysops-administrator-associate-training/,https://www.udemy.com/course/cloud-out-loud/
https://www.udemy.com/course/microsoft-azure-104-practice-exam-tests-2023/,https://www.udemy.com/course/aws-serverless-rest-apis-for-java-developers/,https://www.udemy.com/course/master-data-engineering-using-gcp-data-analytics/
https://www.udemy.com/course/practice-tests-az-204-developing-solutions-for-ms-azure/,https://www.udemy.com/course/aws-essentials-solutions-architect-assoc-the-total-course/,https://www.udemy.com/course/learn-gsuite/
https://www.udemy.com/course/az-204-microsoft-cert-exam-preparation-test-question/,https://www.udemy.com/course/kubernetes-microservices/,https://www.udemy.com/course/the-ultimate-google-adwords-training-course/
https://www.udemy.com/course/az-104-microsoft-azure-administrator-practice-test-d/,https://www.udemy.com/course/aws-networking-amazon-vpc-aws-vpn-hybrid-cloud/,https://www.udemy.com/course/google-ads-masterclass/
https://www.udemy.com/course/az-104-latest-exam-questions/,https://www.udemy.com/course/aws-eks-kubernetes-masterclass-devops-microservices/,https://www.udemy.com/course/openstack-installation-and-deployment/
https://www.udemy.com/course/exam-az-140-microsoft-azure-virtual-desktop-s/,https://www.udemy.com/course/aws-certified-security-specialty/,https://www.udemy.com/course/deploy-machine-learning-model/
https://www.udemy.com/course/az-300-azure-architecture-technologies-exam-mock-test-2021/,https://www.udemy.com/course/terraform-on-aws-with-sre-iac-devops-real-world-demos/,https://www.udemy.com/course/total-cloud-computing-comptia-cloud-cert-cv0-002/
https://www.udemy.com/course/azure-it-administration-microsoft-course-with-simulations/,https://www.udemy.com/course/aws-lambda-serverless/,https://www.udemy.com/course/course-apps-script/
https://www.udemy.com/course/exam-ai-900-2022/,https://www.udemy.com/course/docker-and-kubernetes-the-complete-guide/,https://www.udemy.com/course/taming-google-g-suite-a-complete-administrators-guide/
https://www.udemy.com/course/deep-dive-into-ci-and-cd-pipeline-in-azure-devops-az-400/,https://www.udemy.com/course/aws-certified-solutions-architect-associate-certification-saa-c03/,https://www.udemy.com/course/dynamic-dashboards-and-data-analysis-with-google-data-studio/
https://www.udemy.com/course/microsoft-ai-900-exam-questions-2023-azure-ai-fundamentals/,https://www.udemy.com/course/aws-developer-deploy-build-optimize-applications-on-aws/,https://www.udemy.com/course/serverless-data-architecture-on-google-cloud/
https://www.udemy.com/course/software-supply-chain-security-for-developers/,https://www.udemy.com/course/devops-tools-and-aws-for-java-microservice-developers/,https://www.udemy.com/course/a-beginners-guide-to-python-3-web-development-using-flask/
https://www.udemy.com/course/dp-500-azure-enterprise-data-analyst/,https://www.udemy.com/course/amazon-web-services-aws-with-javascript-nodejs/,https://www.udemy.com/course/train-and-deploy-deep-learning-models/
https://www.udemy.com/course/is-yours-an-intelligent-business/,https://www.udemy.com/course/hands-on-disaster-recovery-on-aws-cloud/,https://www.udemy.com/course/wordpress-free-hosting-on-google-cloud/
https://www.udemy.com/course/az-900-microsoft-azure-fundamentals-practice-test-b/,https://www.udemy.com/course/aws-certified-solutions-architect-associate-2018/,https://www.udemy.com/course/android-firebase-firestore-masterclass-build-a-shop-app/
https://www.udemy.com/course/az-204-developing-for-microsoft-azure-exam/,https://www.udemy.com/course/amazon-web-services-for-web-hosting-cloud-computing/,https://www.udemy.com/course/google-analytics-4-with-tag-manager/
https://www.udemy.com/course/azuredp900/,https://www.udemy.com/course/devops-deployment-automation-terraform-aws-docker/,https://www.udemy.com/course/google-tools-for-gis-applications/
https://www.udemy.com/course/azure-data-fundamentals-dp-900-certification-practice-tests/,https://www.udemy.com/course/docker-mastery/,
https://www.udemy.com/course/crackaz104/,https://www.udemy.com/course/aws-storage-and-cdn-services-s3-ebs-efs-cloudfront/,
https://www.udemy.com/course/dp-900-microsoft-azure-data-fundamentals-practice-tests-2021/,https://www.udemy.com/course/aws-certified-cloud-practitioner-2018/,
https://www.udemy.com/course/aws-hands-on-labs/,https://www.udemy.com/course/terraform-fast-track/,
https://www.udemy.com/course/microsoft-az-301-microsoft-azure-architect-design-q/,https://www.udemy.com/course/terraform-beginner-to-advanced/,
https://www.udemy.com/course/az-104-microsoftazureadministratorpracticetests/,https://www.udemy.com/course/apache-kafka/,
https://www.udemy.com/course/az204-azure/,https://www.udemy.com/course/cloudgita-03/,
https://www.udemy.com/course/azure-cloud-services-6-course-bundle/,https://www.udemy.com/course/devopsprojects/,
https://www.udemy.com/course/az303-azure-practice/,https://www.udemy.com/course/aws-certified-solutions-architect-professional/,
https://www.udemy.com/course/ai-900-microsoft-azure-ai-fundamentals-exam/,https://www.udemy.com/course/aws-certified-cloud-practitioner-hands-on/,
https://www.udemy.com/course/designing-microsoft-azure-infrastructure-solutions/,https://www.udemy.com/course/learn-kubernetes/,
https://www.udemy.com/course/az-500-microsoft-azure/,https://www.udemy.com/course/aws-masterclass-aws-command-line-interface-and-devops/,
https://www.udemy.com/course/azure-az-700/,https://www.udemy.com/course/aws-command-line-interface-aws-cli/,
https://www.udemy.com/course/microsoft-azure-security-technologies-exam-az-500/,https://www.udemy.com/course/serverless-tutorial-aws-lambda-and-azure-functions/,
https://www.udemy.com/course/azure-cosmosdb-database/,https://www.udemy.com/course/practice-test-aws-certified-solutions-architect-associate/,
https://www.udemy.com/course/az-900-microsoft-azure-fundamentals-practice-tests-vm/,https://www.udemy.com/course/android-development-java-android-studio-masterclass/,
https://www.udemy.com/course/az-140-exam-practice-tests-2023-100-pass/,https://www.udemy.com/course/awscloudpractitioner/,
https://www.udemy.com/course/azure-data-platform-competency-pratice-exam/,https://www.udemy.com/course/deploy-spring-microservices-to-aws-with-ecs-and-aws-fargate/,
https://www.udemy.com/course/az-304-microsoft-azure-architect-design-5-tests-2021/,https://www.udemy.com/course/azure-tips-tricks/,
https://www.udemy.com/course/how-to-create-azure-pipelines-agent-fully-automated/,https://www.udemy.com/course/amazon-web-services-aws-cloud/,
https://www.udemy.com/course/microsoft-azure-cloud-fundamentals-az-900-practice-test-2021/,https://www.udemy.com/course/rocking-kubernetes-with-amazon-eks-fargate-and-devops/,
https://www.udemy.com/course/certification-azure-az-900-preparation-exam/,https://www.udemy.com/course/amazon-eks-starter-kubernetes-on-aws/,
https://www.udemy.com/course/dp900-cloudnautic/,https://www.udemy.com/course/aws-cloudformation-step-by-step-beginner-to-intermediate/,
https://www.udemy.com/course/microsoft-flow-vs-azure-logic-apps/,https://www.udemy.com/course/aws-amplify-studio-masterclass/,
https://www.udemy.com/course/azure-devops-and-aws-devops-masterclass-2-course-bundle/,https://www.udemy.com/course/aws-lambda-and-python-full-course-beginner-to-advanced/,
https://www.udemy.com/course/azure-sql-server-for-beginners-part-2-of-2/,https://www.udemy.com/course/google-cloud-professional-cloud-architect-certification/,
https://www.udemy.com/course/learn-azure-infrastructure-as-code-using-json-arm-templates/,https://www.udemy.com/course/docker-and-kubernetes-the-complete-developers-guide/,
https://www.udemy.com/course/hybrid-identity-and-azure-active-directory/,https://www.udemy.com/course/deploy-java-spring-boot-to-aws-amazon-web-service/,
https://www.udemy.com/course/extending-on-prem-active-directory-into-microsoft-azure/,https://www.udemy.com/course/yaml-zero-to-master/,
https://www.udemy.com/course/2023microsoft-ai-900-azure-fundamentals-practice-exam/,https://www.udemy.com/course/aws-interview-questions-answers/,
https://www.udemy.com/course/microsoft-azure-fundamentals-az900-exam-preparation/,https://www.udemy.com/course/aws-lambda-serverless-developer-guide-with-hands-on-labs/,
https://www.udemy.com/course/dp-900-microsoft-azure-data-fundamentals-exam/,https://www.udemy.com/course/cloudgita-azure-fundamental/,
https://www.udemy.com/course/build-an-active-directory-lab-in-microsoft-azure-in-1-hour/,https://www.udemy.com/course/exploring-aws-iot/,
https://www.udemy.com/course/deploy-mean-stack-app-on-azure-cloud-with-cicd-pipeline/,https://www.udemy.com/course/the-ultimate-aws-certified-solutions-architect-associate/,
https://www.udemy.com/course/windows-ui-automation-on-azure-devops-build-pipelines/,https://www.udemy.com/course/amazon-aws-ec2-masterclass/,
https://www.udemy.com/course/az-104-microsoft-azure-administrator-perfect-exams-265q/,https://www.udemy.com/course/new-exam-review-aws-certified-developer-associate/,
https://www.udemy.com/course/az900-finalcountdown/,https://www.udemy.com/course/exam-review-aws-certified-cloud-practitioner/,
https://www.udemy.com/course/mobile-devops/,https://www.udemy.com/course/devops-with-docker-kubernetes-and-azure-devops/,
https://www.udemy.com/course/az-900-microsoft-azure-fundamentals-exam-u/,https://www.udemy.com/course/exam-aws-certified-solution-architect-associate/,
https://www.udemy.com/course/az-104-microsoft-azure-administrator-exam/,https://www.udemy.com/course/amazon-web-services-machine-learning/,
https://www.udemy.com/course/az-900-azure-fundamentals-exam-prep-october-2022/,https://www.udemy.com/course/aws-redshift-a-comprehensive-guide/,
https://www.udemy.com/course/azure-data-studio-for-beginners/,https://www.udemy.com/course/becoming-a-production-mysql-dba/,
https://www.udemy.com/course/dp-900-microsoftazuredatafundamentals/,https://www.udemy.com/course/aws-data-architect-bootcamp-training/,
https://www.udemy.com/course/microsoft-azure-az-900-practice-tests/,https://www.udemy.com/course/spring-boot-and-spring-framework-tutorial-for-beginners/,
https://www.udemy.com/course/microsoft-azure-fundamentals-pack-az-900-dp-900-ai-900/,https://www.udemy.com/course/cloud-computing-with-aws/,
https://www.udemy.com/course/microsoft-az-302-azure-solutions-architect-expert-2021/,https://www.udemy.com/course/architecting-aws-best-practices-patterns-troubleshooting/,
https://www.udemy.com/course/ai-900-azure-ai-fundamentals-practice-test-ai900/,https://www.udemy.com/course/aws-saa-c02-a-complete-training-of-aws-cloud-computing/,
https://www.udemy.com/course/cloud-out-loud/,https://www.udemy.com/course/2-aws-certified-solutions-architect-guide-question-bank/,
https://www.udemy.com/course/microsoft-azure-developer-associate-az-204/,https://www.udemy.com/course/algorithmic-trading-with-python-and-machine-learning/,
https://www.udemy.com/course/microsoft-azure-ai-fundamentals-and-solutions-practice-exams/,https://www.udemy.com/course/rocking-aws-cloudformation-cdk-with-devops-interview-guide/,
https://www.udemy.com/course/az-305-azure-architect-expert/,https://www.udemy.com/course/aws-solution-architect-associate/,
https://www.udemy.com/course/az-204-exam-preparation-test-sets-and-mock-test/,https://www.udemy.com/course/valaxy-devops/,
https://www.udemy.com/course/2022-azure-fundamentals-az900-certification-exam-preparation/,https://www.udemy.com/course/build-and-deploy-a-ml-model-to-production-with-aws-and-react/,
https://www.udemy.com/course/azure-dp-900/,https://www.udemy.com/course/react-node-mern-real-estate-marketplace/,
https://www.udemy.com/course/microsoft-az-300-azure-architect-technologies/,https://www.udemy.com/course/aws-lambda-a-practical-guide/,
https://www.udemy.com/course/kubernetes-crash-course-for-java-developers/,https://www.udemy.com/course/aws-introduction-knodax/,
https://www.udemy.com/course/azure-sql-data-warehouse-synapse-analytics-service/,https://www.udemy.com/course/aws-codedeploy/,
https://www.udemy.com/course/azure-devops-for-net-developer/,https://www.udemy.com/course/aws-machine-learning-a-complete-guide-with-python/,
https://www.udemy.com/course/azure-ai-fundamentals/,https://www.udemy.com/course/deploy-a-serverless-django-web-app-with-aws-fargate-2022/,
https://www.udemy.com/course/azure-synapse-analytics-for-data-engineers/,https://www.udemy.com/course/aws-foundations-amazon-s3-mastery-bootcamp/,
https://www.udemy.com/course/hashicorp-certified-terraform-associate-on-azure-cloud/,https://www.udemy.com/course/beginner-to-advanced-operations-on-aws/,
https://www.udemy.com/course/hashicorp-certified-terraform-associate-step-by-step/,https://www.udemy.com/course/aws-certified-cloud-practitioner-clf-c01/,
https://www.udemy.com/course/master-restful-apis-with-spring-boot/,https://www.udemy.com/course/serverless-programming-using-aws-lambda-for-java-developers/,
https://www.udemy.com/course/terraform-on-azure-services/,https://www.udemy.com/course/terraform-for-the-absolute-beginners/,
https://www.udemy.com/course/becoming-a-cloud-expert-microsoft-azure-iaas-level-1/,https://www.udemy.com/course/cloud-computing-on-aws-ultimate-beginners-course-2022/,
https://www.udemy.com/course/identity-access-management-azure-active-directory-2020/,https://www.udemy.com/course/aws-certified-advanced-networking-specialty/,
https://www.udemy.com/course/microsoft-intune-learn-intune-with-endpoint-manager-mdm-mam/,https://www.udemy.com/course/aws-cloudformation-simplified-hands-on-learning/,
https://www.udemy.com/course/serverless-tutorial-aws-lambda-and-azure-functions/,https://www.udemy.com/course/aws-lambda-dotnet/,
https://www.udemy.com/course/azure-powershell/,https://www.udemy.com/course/terraform-on-azure-with-iac-azure-devops-sre-real-world-25-demos/,
https://www.udemy.com/course/azure-databricks-and-spark-sql-python/,https://www.udemy.com/course/learning-path-aws-building-secured-applications-with-aws/,
https://www.udemy.com/course/az-900-microsoft-azure-fundamentals-testes-praticos/,https://www.udemy.com/course/gitlab-ci-pipelines-ci-cd-and-devops-for-beginners/,
https://www.udemy.com/course/azure-devops-j/,https://www.udemy.com/course/aws-cloud-practitioner-essentials/,
https://www.udemy.com/course/azure-deploying-websites/,https://www.udemy.com/course/amazon-ec2-masterclass/,
https://www.udemy.com/course/blazor-your-dev-portfolio/,https://www.udemy.com/course/diveintoansible/,
https://www.udemy.com/course/az-900-azure-fundamentals-practice-exam-2020/,https://www.udemy.com/course/awssecurity/,
https://www.udemy.com/course/az-104-microsoft-azure-administrator-course-with-simulations/,https://www.udemy.com/course/aws-cloud-security-proactive-way/,
https://www.udemy.com/course/sc-900-microsoft-security-complianceidentity-fundamentals-u/,https://www.udemy.com/course/hashicorp-certified-terraform-associate-on-azure-cloud/,
https://www.udemy.com/course/containerize-springboot-node-express-apps-deploy-on-azure/,https://www.udemy.com/course/ultimateaws/,
https://www.udemy.com/course/microsoft-azure-data-engineer-exam-practice-sets/,https://www.udemy.com/course/aws-key-management-service-kms-fundamentals/,
https://www.udemy.com/course/az-900-microsoft-azure-fundamentals-perfect-exams-455q/,https://www.udemy.com/course/aws-certified-cloud-practitioner-exam-and-beyond/,
https://www.udemy.com/course/azuredata/,https://www.udemy.com/course/kafka-streams/,
https://www.udemy.com/course/practice-exam-az-900-microsoft-azure-fundamentals/,https://www.udemy.com/course/aws-cloudformation-step-by-step-intermediate-to-advanced/,
https://www.udemy.com/course/practice-exam-az-900-microsoft-azure-fundamentals/,https://www.udemy.com/course/aws-certified-cloud-practitioner-clf-c01-with-workbook-y22/,
https://www.udemy.com/course/active-directory-advanced-ad-ds-infrastructure-management/,https://www.udemy.com/course/deploy-serverless-machine-learning-models-to-aws-lambda/,
https://www.udemy.com/course/az-900-microsoft-azure-fundamentals-with-simulations/,https://www.udemy.com/course/rocking-system-design/,
https://www.udemy.com/course/az-204-developing-solutions-for-microsoft-azure-exam/,https://www.udemy.com/course/mastering-aws-administration/,
https://www.udemy.com/course/microsoft-power-bi-data-analyst-exam/,https://www.udemy.com/course/introduction-to-openstack-cloud-computing/,
https://www.udemy.com/course/ha-in-azure/,https://www.udemy.com/course/terraform-hands-on-labs/,
https://www.udemy.com/course/microsoft-security-compliance-and-identity-fundamentals-practice-sets/,https://www.udemy.com/course/deploy-a-django-web-app-with-aws-elastic-beanstalk-2022/,
https://www.udemy.com/course/microsoft-azure-serverless/,https://www.udemy.com/course/awscloudmigration/,
https://www.udemy.com/course/cost-management-in-azure/,https://www.udemy.com/course/big-data-with-scalasparkpyspark-and-aws-a-z-50-hours/,
https://www.udemy.com/course/az-900-microsoft-azure-fundamentals-practice-tests-2023-v/,https://www.udemy.com/course/deploy-spring-boot-microservices-on-aws-ecs-with-fargate/,
https://www.udemy.com/course/kusto-query-language-kql-part-2/,https://www.udemy.com/course/kubernetes-crash-course-for-java-developers/,
https://www.udemy.com/course/a-day-in-the-life-of-an-ebusiness-consultant/,https://www.udemy.com/course/cryptocurrency-algorithmic-trading-with-python-and-binance/,
https://www.udemy.com/course/exam-az-900-microsoft-azure-fundamentals-practice-tests-r/,https://www.udemy.com/course/serverless-application-development-with-aws-typescript/,
https://www.udemy.com/course/deploying-daprized-microservices-apps-to-kubernetes/,https://www.udemy.com/course/terraformcertified/,
https://www.udemy.com/course/microsoft-azure-fundamentals-az-900-practice-tests-2021-d/,https://www.udemy.com/course/hashicorp-vault/,
https://www.udemy.com/course/azure-fundamentals-az-900-april-2022/,https://www.udemy.com/course/introduction-to-aws-machine-learning-for-iot/,
https://www.udemy.com/course/master-powershell-7-on-microsoft-azure-iaas/,https://www.udemy.com/course/node-with-react-build-deploy-a-fullstack-web-application/,
https://www.udemy.com/course/learn-cloud-computing-fundamentals-for-absolute-beginner-aws-azure-gcp/,https://www.udemy.com/course/aws-certified-cloud-practitioner-exam-prep-clf-c01/,
https://www.udemy.com/course/real-time-training-based-on-kubernetes-production-env/,https://www.udemy.com/course/hashicorp-certified-terraform-associate-step-by-step/,
https://www.udemy.com/course/az-040t00-automating-administration-with-powershell-7-2022/,https://www.udemy.com/course/deploying-web-apps-simplified-quick-or-in-depth-on-aws/,
https://www.udemy.com/course/az-900-azure-fundamentals-b/,https://www.udemy.com/course/aws-cli-course/,
https://www.udemy.com/course/microsoft-azure-security-technologies-az-500-practice-exams/,https://www.udemy.com/course/aws-certified-solution-architect-associate-prep/,
https://www.udemy.com/course/learn-how-to-secure-azure-virtual-machines-in-1-hour-30-mns/,https://www.udemy.com/course/kafka-cluster-setup/,
https://www.udemy.com/course/az900-azure/,https://www.udemy.com/course/ace-associate/,
https://www.udemy.com/course/azure-certification-az-900-azure-fundamentals/,https://www.udemy.com/course/aws-solutions-architect-associate-c/,
https://www.udemy.com/course/az-102-azure-administrator-certification-transition/,https://www.udemy.com/course/aws-certified-developer-associate-the-preparatory-guide/,
https://www.udemy.com/course/70533-azure/,https://www.udemy.com/course/easiest-course-on-aws-certification/,
https://www.udemy.com/course/microsoft-azure-from-zero-to-hero-the-complete-guide/,https://www.udemy.com/course/cloud-computing-for-beginners-infrastructure-as-a-service/,
https://www.udemy.com/course/learn-azure-data-factory-from-scratch/,https://www.udemy.com/course/aws-cloudformation-beginner-to-advanced-hands-on-guide/,
https://www.udemy.com/course/azure-databricks-spark-core-for-data-engineers/,https://www.udemy.com/course/kafka-monitoring-and-operations/,
https://www.udemy.com/course/exam-az-microsoft-azure-exam-role1/,https://www.udemy.com/course/warp-9-aws-certified-solutions-architect-associate-2021/,
https://www.udemy.com/course/windows-server-2019-administration-h/,https://www.udemy.com/course/aws-solution-architect-professional-2-hour-crash-course/,
https://www.udemy.com/course/net-core-microservices-the-complete-guide-net-6-mvc/,https://www.udemy.com/course/aws-certification-exams-a-complete-guide/,
https://www.udemy.com/course/dp-900-azure-data-fundamentals-certification/,https://www.udemy.com/course/cloud-computing-aws/,
https://www.udemy.com/course/ai900-azure/,https://www.udemy.com/course/backend-master-class-golang-postgresql-kubernetes/,
https://www.udemy.com/course/introduction-to-aspnet-core-x/,https://www.udemy.com/course/backend-master-class-golang-postgresql-kubernetes/,
https://www.udemy.com/course/sc900-azure/,https://www.udemy.com/course/aws-solution-architect-associate-shortest-path-to-success/,
https://www.udemy.com/course/cloudgita-azure-fundamental/,https://www.udemy.com/course/amazon-s3-mastery/,
https://www.udemy.com/course/az-900-microsoft-azure-fundamentals-practice-test-276/,https://www.udemy.com/course/deploy-java-spring-apps-online/,
https://www.udemy.com/course/azure-administrator-az-103/,https://www.udemy.com/course/aws-certified-developer-associate-certification/,
https://www.udemy.com/course/azure-certification-1/,https://www.udemy.com/course/data-lake-firehose-glue-athena-s3-and-aws-sdk-for-net/,
https://www.udemy.com/course/zero-to-hero-with-windows-virtual-desktop/,https://www.udemy.com/course/cloud-computing-for-beginners-database-technologies/,
https://www.udemy.com/course/azure-tips-tricks/,https://www.udemy.com/course/learn-aws-cloud-from-the-scratch/,
https://www.udemy.com/course/azure-ai-900-azure-ai-fundamentals/,https://www.udemy.com/course/mega-python/,
https://www.udemy.com/course/azure-exam-700/,https://www.udemy.com/course/hashicorp-packer/,
https://www.udemy.com/course/the-complete-walkthrough-of-azure-network-services/,https://www.udemy.com/course/data-warehousing-snowflake-aws-cloud/,
https://www.udemy.com/course/az-103-exam-preparation-configure-and-manage-virtual-networks/,https://www.udemy.com/course/amazon-vpc-mastery-for-aws-certifications/,
https://www.udemy.com/course/aws-cloudformation-simplified-hands-on-learning/,https://www.udemy.com/course/aws-certified-sysops-administrator-associate-2020-aws/,
https://www.udemy.com/course/dp-300-administering-relational-databases-azure-dba/,https://www.udemy.com/course/apache-nifi/,
https://www.udemy.com/course/az700-azure/,https://www.udemy.com/course/total-aws-certified-database-specialty-exam-prep-dbs-c01/,
https://www.udemy.com/course/implementing-microsoft-azure-infrastructure-solutions-70533/,https://www.udemy.com/course/mastering-aws-cloudformation-templates-using-json/,
https://www.udemy.com/course/a-to-z-of-azure-security-covers-az-500-and-more/,https://www.udemy.com/course/devops-iac-cicd/,
https://www.udemy.com/course/azure-fundamentals-lab/,https://www.udemy.com/course/valaxy-linux/,
https://www.udemy.com/course/terraform-on-azure-with-iac-azure-devops-sre-real-world-25-demos/,https://www.udemy.com/course/primer-for-the-aws-cloud-networking/,
https://www.udemy.com/course/ai102-azure/,https://www.udemy.com/course/complete-terraform-course-beginner-to-advanced/,
https://www.udemy.com/course/azureadcourse/,https://www.udemy.com/course/introduction-to-aws-iot/,
https://www.udemy.com/course/deploying-net-microservices-with-k8s-aks-and-azure-devops/,https://www.udemy.com/course/talend-di-zero-to-hero/,
https://www.udemy.com/course/azure-serverless-hands-on-learning/,https://www.udemy.com/course/django-ecommerce-project-based-course-python-django-web-development/,
https://www.udemy.com/course/azure-active-directory-masterclass/,https://www.udemy.com/course/terraform-certified/,
https://www.udemy.com/course/microsoft-azure-data-lake/,https://www.udemy.com/course/aws-sysops-administrator-associate-so1-c01-certification/,
https://www.udemy.com/course/oracle-database-migration-methods-on-prem-to-oracle-cloud/,https://www.udemy.com/course/cloud-101-aws-cloud-for-job-seekers/,
https://www.udemy.com/course/microsoft-azure-vms-course/,https://www.udemy.com/course/aws-architect/,
https://www.udemy.com/course/az-900-microsoft-azure-fundamentals-exam-preparation/,https://www.udemy.com/course/build-your-load-balancer-aws/,
https://www.udemy.com/course/professional-azure-sql-database-administration/,https://www.udemy.com/course/go-landing-pages/,
https://www.udemy.com/course/az-220-microsoft-azure-iot-developer-certification-2022/,https://www.udemy.com/course/go-landing-pages/,
https://www.udemy.com/course/microsoft-azure-cloud-architecture-case-studies/,https://www.udemy.com/course/ec2with10labs/,
https://www.udemy.com/course/azure-active-directory-for-net-developers-ad-and-b2c/,https://www.udemy.com/course/learn-you-some-lambda-best-practice-for-great-good/,
https://www.udemy.com/course/learn-fundamentals-of-cloud-thru-microsoft-azure/,https://www.udemy.com/course/it-basic-knowledge/,
https://www.udemy.com/course/azure-sql-server-for-beginners-part-1-of-2/,https://www.udemy.com/course/valaxy-git/,
https://www.udemy.com/course/mastering-databricks-apache-spark-build-etl-data-pipeline/,https://www.udemy.com/course/design-for-high-availability-and-elasticity-on-aws/,
https://www.udemy.com/course/git-mastery-beginner-to-expert-with-github-gitlab/,https://www.udemy.com/course/restful-web-service-with-spring-boot-jpa-and-mysql/,
https://www.udemy.com/course/deploying-windows-virtual-desktop-in-microsoft-azure/,https://www.udemy.com/course/aws-eks-elastic-kubernetes-service/,
https://www.udemy.com/course/az500-azure/,https://www.udemy.com/course/prepare-and-pass-aws-certified-cloud-practitioner-exam-hellocloudcerts/,
https://www.udemy.com/course/becoming-a-cloud-expert-microsoft-azure-iaas-level-2/,https://www.udemy.com/course/introduction-to-cloud-computing-with-amazon-web-services/,
https://www.udemy.com/course/microsoft-azure-az-900-microsoft-fundamentals-certification/,https://www.udemy.com/course/aws-lambda-from-zero-to-hero/,
https://www.udemy.com/course/microsoft-azure-advanced-services/,https://www.udemy.com/course/cloud-security-and-compliance-fundamentals-course/,
https://www.udemy.com/course/golang-for-devops-and-cloud-engineers/,https://www.udemy.com/course/total-cloud-computing-comptia-cloud-cert-cv0-002/,
https://www.udemy.com/course/dp-100-azure-machine-learning-data-science-for-beginners/,https://www.udemy.com/course/deploy-machine-learning-model/,
https://www.udemy.com/course/cloud-security-with-microsoft-azure-for-beginners/,https://www.udemy.com/course/unity-aws-s3/,
https://www.udemy.com/course/az-900-azure-fundamentals-updated-syllabus-2021/,https://www.udemy.com/course/amazon-machine-learning-services/,
https://www.udemy.com/course/azure-iaas-azure-paas-architecture-and-solutions/,https://www.udemy.com/course/data-science-deep-learning-in-theano-tensorflow/,
https://www.udemy.com/course/asp-net-core-api-from-scratch-to-master-with-azure-deployment/,https://www.udemy.com/course/code-along-aws-lambda-kinesis-serverless-framework/,
https://www.udemy.com/course/microsoft-azure-az-900-exam-simulator-azure-fundamentals/,https://www.udemy.com/course/aws-get-started-with-load-balancing-and-auto-scaling-groups/,
https://www.udemy.com/course/az-204-developing-solutions-for-microsoft-azure-exam-prep/,https://www.udemy.com/course/new-aws-solution-architect-exam-saa-c02-2022/,
https://www.udemy.com/course/cvad-daas/,https://www.udemy.com/course/the-ultimate-aws-networking-training-course-all-in-one/,
https://www.udemy.com/course/kusto-query-language-kql-part-1/,https://www.udemy.com/course/amazon-ec2-for-the-vm-person/,
https://www.udemy.com/course/microsoft-az-104-azure-administrator-exam-prep-test/,https://www.udemy.com/course/ipv6-networking-with-aws-vpc/,
https://www.udemy.com/course/microsoft-azure-security-technologies-az-500/,https://www.udemy.com/course/cloudintro/,
https://www.udemy.com/course/automate-reactjs-springboot-cicd-pipelines-on-azuredevops/,https://www.udemy.com/course/learn-kubernetes-with-aws-and-docker/,
https://www.udemy.com/course/azurehdinsight/,https://www.udemy.com/course/securing-amazon-ec2-instances/,
https://www.udemy.com/course/microsoft-azure-fundamentals-az-900-practice-tests-2021/,https://www.udemy.com/course/continuous-deployments-using-spinnaker-on-aws-and-kubernetes/,
https://www.udemy.com/course/azure-sql-dba-complete-crash-course-part1/,https://www.udemy.com/course/aws-lambda-nodejs/,
https://www.udemy.com/course/az-900-microsoft-azure-fundamentals-practice-test-2023/,https://www.udemy.com/course/integrating-hashicorp-vault-with-aws/,
https://www.udemy.com/course/ai-900-microsoft-azure-ai-fundamentals-exam-practice-test/,https://www.udemy.com/course/aws-certified-solutions-architect-associate-all-in-one/,
https://www.udemy.com/course/learn-azure-infrastructure-and-cloud-services-in-9-hours/,https://www.udemy.com/course/introduction-to-cloud-computing-z/,
https://www.udemy.com/course/azure-front-door-deep-dive/,https://www.udemy.com/course/learn-cloud-computing-from-the-basics-to-advanced/,
https://www.udemy.com/course/migrating-a-dfs-r-deployment-to-azure-file-sync/,https://www.udemy.com/course/devops-projects-using-kubernetes-a-hands-on-guide/,
https://www.udemy.com/course/az-500-microsoft-azure-security-technologies-with-sims/,https://www.udemy.com/course/terraform-masterclass-with-aws-devops-iac/,
https://www.udemy.com/course/microsoft-cloud/,https://www.udemy.com/course/build-app-and-website-on-single-code-base-react-native-aws/,
https://www.udemy.com/course/azure-devops-iac-with-bicep-yaml-git-and-powershell/,https://www.udemy.com/course/code-along-serverless-framework-step-functions/,
https://www.udemy.com/course/azure-with-powershell/,https://www.udemy.com/course/build-and-deploy-apps-on-aws-using-devops-techniques/,
https://www.udemy.com/course/az-900-the-easy-way/,https://www.udemy.com/course/advanced-terraform-aws-eks-vpc-devops-iac-best-practices/,
https://www.udemy.com/course/azure-devops-platform-fundamentals-build-cicd-pipelines/,https://www.udemy.com/course/aws-iot-automation/,
https://www.udemy.com/course/azure-devops-jumpstart/,https://www.udemy.com/course/creating-intelligent-data-driven-enterprise-apps-with-aws/,
https://www.udemy.com/course/azure-dp-900-practice-test/,https://www.udemy.com/course/host-a-static-react-website-from-an-aws-s3-bucket-dns/,
https://www.udemy.com/course/azure-security-for-busy-net-developers-add-key-vault/,https://www.udemy.com/course/json-yaml-deep-dive/,
https://www.udemy.com/course/ai900-microsoft-azure-ai-fundamentals-practice-tests/,https://www.udemy.com/course/deploy-python-flask-apps-to-amazon-aws-with-dynamodb-and-sns/,
https://www.udemy.com/course/atualizado-2022-microsoft-azure-az-104-simulados-mocks/,https://www.udemy.com/course/aws-certified-advanced-networking-specialty-practice-qs/,
https://www.udemy.com/course/exam-az-900-microsoft-azure-fundamentals-o/,https://www.udemy.com/course/your-first-backend-api-and-database-with-nodejs-and-aws/,
https://www.udemy.com/course/azure-104-practice-exam/,https://www.udemy.com/course/aws-lambda-2017-the-complete-guide-with-hands-on-labs/,
https://www.udemy.com/course/build-with-azureiot/,https://www.udemy.com/course/kubernetes-for-beginners-with-aws-examples/,
https://www.udemy.com/course/az-900-exam-microsoft-azure-fundamentals/,https://www.udemy.com/course/abcd-airflow-23x-helm-eks-minikube/,
https://www.udemy.com/course/az-900-azure-exam-prep-understanding-cloud-concepts/,https://www.udemy.com/course/introcloudformation/,
https://www.udemy.com/course/azure-devops-for-project-managers-analyst/,https://www.udemy.com/course/aws-certified-sysops-admin-associate/,
https://www.udemy.com/course/microsoft-certified-azure-administrator/,https://www.udemy.com/course/aws-cognito-using-golang-w/,
https://www.udemy.com/course/70532-azure/,https://www.udemy.com/course/learn-azure-data-factory-and-aws-glue-etl/,
https://www.udemy.com/course/devops-with-docker-kubernetes-and-azure-devops/,https://www.udemy.com/course/aws-security-services-policy-generator/,
https://www.udemy.com/course/dp200exam/,https://www.udemy.com/course/mulesoft-with-aws-guide-to-hybrid-api-integration-model/,
https://www.udemy.com/course/exam-azure-2/,https://www.udemy.com/course/a-day-in-the-life-of-an-ebusiness-consultant/,
https://www.udemy.com/course/data-engineering-on-microsoft-azure/,https://www.udemy.com/course/cloud-computing-foundation-for-everyone/,
https://www.udemy.com/course/dp-azure-data/,https://www.udemy.com/course/complete-guide-to-automation-with-r-in-2021/,
https://www.udemy.com/course/learning-terraform-on-microsoft-azure/,https://www.udemy.com/course/az-900-basics-of-cloud-computing/,
https://www.udemy.com/course/aspnet-core-5-mvc/,https://www.udemy.com/course/full-stack-development-with-spring-boot-and-aws-rds-heroku/,
https://www.udemy.com/course/blazor-the-complete-guide/,https://www.udemy.com/course/flutter-build-modern-responsive-web-mobile-apps-desktop/,
https://www.udemy.com/course/sc-900-microsoft-security-complianceidentity-fundamentals/,https://www.udemy.com/course/aws-cloud-practitioner-certification-clf-c01-practice-test/,
https://www.udemy.com/course/sc300-azure/,https://www.udemy.com/course/django-2x-deploying-heroku/,
https://www.udemy.com/course/beginning-azure-data-factory/,https://www.udemy.com/course/django-2x-deploying-heroku/,
https://www.udemy.com/course/az-300-microsoft-azure-architect-technologies-lab-practice/,https://www.udemy.com/course/helm-the-kubernetes-package-manager-hands-on-course/,
https://www.udemy.com/course/azure-log-analytics/,https://www.udemy.com/course/certified-kubernetes-application-developer/,
https://www.udemy.com/course/creating-and-managing-azure-virtual-machines-with-powershell/,https://www.udemy.com/course/rocking-devops-with-jenkins-kubernetes-ansible/,
https://www.udemy.com/course/crash-course-to-pass-the-microsoft-azure-fundamentals-az900/,https://www.udemy.com/course/snowflake-mastery-easy-steps-to-gain-expertise-2023/,
https://www.udemy.com/course/az-900-practice-questions/,https://www.udemy.com/course/the-complete-cloud-computing-software-architecture-patterns/,
https://www.udemy.com/course/microsoft-azure-fundamentals-az-900/,https://www.udemy.com/course/how-to-sell-on-amazon-fba-course-for-beginners/,
https://www.udemy.com/course/azure-storage-security-guide/,https://www.udemy.com/course/how-to-sell-on-amazon-fba/,
https://www.udemy.com/course/azure-devops-source-code-versioning-using-tfvc/,https://www.udemy.com/course/helm-kubernetes-packaging-manager-for-developers-and-devops/,
https://www.udemy.com/course/azure-cloud-security-with-check-point-firewall/,https://www.udemy.com/course/kubernetesmastery/,
https://www.udemy.com/course/az-900-microsoft-azure-fundamentals-practice-tests/,https://www.udemy.com/course/python-rest-api-with-fastapi-amazon-rds-elastic-beanstalk/,
https://www.udemy.com/course/azure-cloud-automation/,https://www.udemy.com/course/certified-kubernetes-administrator/,
https://www.udemy.com/course/azure-devops-and-continuous-delivery-with-git/,https://www.udemy.com/course/mastering-certified-kubernetes-application-developer/,
https://www.udemy.com/course/az-900-azure-fundamentals-practice-tests-may-2022/,https://www.udemy.com/course/optimize-amazon-listing-amazon-seo-strategy-amazon-seo-course/,
https://www.udemy.com/course/no-code-no-math-machine-learning/,https://www.udemy.com/course/automatic-voice-over-by-amazon-polly/,
https://www.udemy.com/course/az-900-microsoft-azure-fundamentals-exam-cram/,https://www.udemy.com/course/kubernetes-fast-track/,
https://www.udemy.com/course/practice-tests-ai-900-azure-ai-fundamental-latest/,https://www.udemy.com/course/f5-303-exam/,
https://www.udemy.com/course/azure-made-simple-build-your-first-app/,https://www.udemy.com/course/cloud-security-architecture-a-practical-approach/,
https://www.udemy.com/course/understanding-microsoft-azure-sql-paas/,https://www.udemy.com/course/learn-basics-of-cloudsim/,
https://www.udemy.com/course/azure-container/,https://www.udemy.com/course/sql-server-migration-and-upgrade-process/,
https://www.udemy.com/course/devops-mastery-with-docker-kubernetes-azure-kubernetes/,https://www.udemy.com/course/amazon-fba-private-label/,
https://www.udemy.com/course/deploying-and-managing-azure-virtual-machines/,https://www.udemy.com/course/snowflake-database-the-modern-data-lake/,
https://www.udemy.com/course/microsoft-azure-security-services/,https://www.udemy.com/course/amazon-private-label-with-little-money-for-starters-fba/,
https://www.udemy.com/course/az-900-microsoft-azure-fundamentals-original-practice-tests-f/,https://www.udemy.com/course/amazon-fba-master-course-with-amazon-product-listing/,
https://www.udemy.com/course/azure-kubernetes-service-devops/,https://www.udemy.com/course/build-an-amazon-business/,
https://www.udemy.com/course/deployment-and-management-of-azure-red-hat-open-shift-aro/,https://www.udemy.com/course/internet-of-things-lemalabs/,
https://www.udemy.com/course/microsoft-sc-200-security-operations-analyst-microsoft-sc-900/,https://www.udemy.com/course/easy-amazon-ppc-tutorial/,
https://www.udemy.com/course/exam-az-900-microsoft-azure-fundamentals-practice-test-c/,https://www.udemy.com/course/navigateamzsellercentral1/,
https://www.udemy.com/course/ai-102-microsoft-azure-ai-solution-exam-prep/,https://www.udemy.com/course/amazon-mightycoach/,
https://www.udemy.com/course/az-900-microsoft-azure-fundamentals-beginners-guide-2022-s/,https://www.udemy.com/course/kubernetes-docker-by-cto/,
https://www.udemy.com/course/net-apps-on-azure-virtual-machine-windows-linux-docker/,https://www.udemy.com/course/amazon-fba-book-seller-mastery/,
https://www.udemy.com/course/microsoft-azure-data-fundamentals-practice-exams/,https://www.udemy.com/course/amazon-join-the-biggest-online-mall/,
https://www.udemy.com/course/sql-server-2022-whats-new/,,
https://www.udemy.com/course/microsoft-az-301-exam-practice-questions-collection/,,
https://www.udemy.com/course/az-700designing-and-implementing-microsoft-azure-networking-l/,,
https://www.udemy.com/course/azure-900-exam-papers/,,
https://www.udemy.com/course/microsoft-az-500-azure-security-technologies-2021/,,
https://www.udemy.com/course/microsoft-azure-for-personal-use/,,
https://www.udemy.com/course/windows-server-2016-with-powershell-using-wmi-and-cim/,,
https://www.udemy.com/course/git-lfs-training/,,
https://www.udemy.com/course/sc-900-microsoft-security-compliance-identity-with-sims/,,
https://www.udemy.com/course/essential-docker-containers-the-practical-guide/,,
https://www.udemy.com/course/datastax-astra-db/,,
https://www.udemy.com/course/yaml-fundamentals-compete-course/,,
https://www.udemy.com/course/latest-practice-test-microsoft-az-801/,,
https://www.udemy.com/course/sc-400-microsoft-information-protection-administrator-m/,,
https://www.udemy.com/course/learn_tech/,,
https://www.udemy.com/course/google-professional-cloud-devops-engineer-gcp/,,
https://www.udemy.com/course/mastering-architecting-applications-using-aws/,,
https://www.udemy.com/course/databricks-certified-developer-for-spark-30-practice-exams/,,
https://www.udemy.com/course/watercolor-secret-courses-with-alan-james/,,
https://www.udemy.com/course/master-devops-tools-a-step-by-step-guide-for-2021/,,
https://www.udemy.com/course/microsoft-sc-300-exclusive-exam-preparation-new/,,
https://www.udemy.com/course/az-400-designing-and-implementing-devops-solution/,,
https://www.udemy.com/course/databricks-certified-data-engineer-associate-practice-tests-hq/,,
https://www.udemy.com/course/sc-300-microsoft-identity-and-access-administrator-test/,,
https://www.udemy.com/course/az-700-practice-tests-prep-exam/,,
https://www.udemy.com/course/exam-az-400-designing-and-implementing-microsoft-devops/,,
https://www.udemy.com/course/microsoft-dp-300-practice-test-n/,,
https://www.udemy.com/course/practice-exams-md-100-windows-client/,,
https://www.udemy.com/course/microsoft-az-203-practice-test/,,
https://www.udemy.com/course/microsoft-cybersecurity-architect-sc-100-exam-certification/,,
https://www.udemy.com/course/learn-devops-its-concepts-schematic-benefits-application/,,
https://www.udemy.com/course/microsoft-70-765-provisioning-sql-databases-2021-update/,,
https://www.udemy.com/course/dp-900-dp-300-microsoft-exam-preparation-test-updated/,,
https://www.udemy.com/course/microsoft-az-400-practice-test-t/,,
https://www.udemy.com/course/microsoft-70-742-certification-exam/,,
https://www.udemy.com/course/microsoft-mcse-070-413-exam-for-2022/,,
https://www.udemy.com/course/databricks-certified-data-engineer-associate1/,,
https://www.udemy.com/course/az-040-automating-administration-with-powershell/,,
https://www.udemy.com/course/microsoft-dp-900-practice-test-b/,,
https://www.udemy.com/course/microsoft-ms-500-practice-test-q/,,
https://www.udemy.com/course/az-801-configuring-windows-server-hybrid-advanced-services-i/,,
https://www.udemy.com/course/microsoft-az-400-practice-exam/,,
https://www.udemy.com/course/az-400-designing-implementing-microsoft-devops-solution-test/,,
https://www.udemy.com/course/sc-200-exam-questions-and-answers-training-course-solution/,,
https://www.udemy.com/course/microsoft-365-cloud-security-administration-hands-on/,,
https://www.udemy.com/course/pass-microsoft-tests-and-get-certified/,,
https://www.udemy.com/course/deep-dive-into-aspnet-mvc-part-2/,,
https://www.udemy.com/course/microsoft-sc-900-practice-training-exam-tests-2023/,,
https://www.udemy.com/course/ms-500examlabpractice/,,
https://www.udemy.com/course/azure-exam-1/,,
https://www.udemy.com/course/azure-security-1/,,
https://www.udemy.com/course/mta-98-364-database-fundamentals-preparation-course/,,
https://www.udemy.com/course/cloud-security-and-compliance-fundamentals-course/,,
https://www.udemy.com/course/ms-data-engineer-certification-dp-200-and-dp-201-practice/,,
https://www.udemy.com/course/cloud-computing-for-beginners-database-technologies/,,
https://www.udemy.com/course/microsoft-development-essentials/,,
https://www.udemy.com/course/az-900-practice-test-with-250-most-probable-questions/,,
https://www.udemy.com/course/becoming-a-cloud-architect-a-beginners-path/,,
https://www.udemy.com/course/az-800-windows-server-hybrid-core-infrastructure-mock-test/,,
https://www.udemy.com/course/kubernetes-interview-cracker-2022-master-quiz/,,
https://www.udemy.com/course/practice-exams-pl-900-ms-power-platform-fundamentals/,,
https://www.udemy.com/course/active-directory-on-windows-server-2016/,,
https://www.udemy.com/course/ms900course/,,
https://www.udemy.com/course/valaxy-ansible/,,
https://www.udemy.com/course/sc-300-course-microsoft-identity-and-access-administrator/,,
https://www.udemy.com/course/az-800-course-administering-windows-server-hybrid-core-inf/,,
https://www.udemy.com/course/sc-400-course-microsoft-information-protection-administrator/,,
https://www.udemy.com/course/microsoft-365-certification/,,
https://www.udemy.com/course/azure200/,,
https://www.udemy.com/course/o365pwrseol/,,
https://www.udemy.com/course/devops-saving-your-code-from-the-apocalypse/,,
https://www.udemy.com/course/sc-900-exam-prep-microsoft-security-compliance-identity-fundamentals/,,
https://www.udemy.com/course/microsoft-intune-2023-with-apple-device-management/,,
https://www.udemy.com/course/cloud-computing-foundation-for-everyone/,,
https://www.udemy.com/course/az-400-designing-and-implementing-devops-solution-exam/,,
https://www.udemy.com/course/microsoft-intune/,,
https://www.udemy.com/course/mpn-microsoft-partner-university-assessments-1/,,
https://www.udemy.com/course/learn-cloud-computing-from-the-basics-to-advanced/,,
https://www.udemy.com/course/sc900-cloudnautic/,,
https://www.udemy.com/course/pl-900-microsoft-power-platform-fundamentals-prep-new/,,
https://www.udemy.com/course/microsoft-sc-200-exam-m/,,
https://www.udemy.com/course/azure100/,,
https://www.udemy.com/course/valaxy-linux/,,
https://www.udemy.com/course/cloud-computing-for-beginners-infrastructure-as-a-service/,,
https://www.udemy.com/course/az-900-basics-of-cloud-computing/,,
https://www.udemy.com/course/sc-300-microsoft-identity-and-access-administrator-y/,,
https://www.udemy.com/course/microsoft-intune-course-an-intro-to-mobile-device-management/,,
https://www.udemy.com/course/microsoft-windows-server-mcsa-identity-with-windows-server/,,
https://www.udemy.com/course/configuring-windows-server-hybrid-advanced-services-az-801/,,
https://www.udemy.com/course/cloud-native-applications-architecture-and-best-practices/,,
https://www.udemy.com/course/microsoft-365-identity-and-services-exam-ms-100/,,
https://www.udemy.com/course/managing-identity-in-a-microsoft-enterprise/,,
https://www.udemy.com/course/md-100-windows-client-build-lab-win-81011-server20192022/,,
https://www.udemy.com/course/microsoft-teams-examlabpractice/,,
https://www.udemy.com/course/microsoft-power-automate-for-power-apps-developers/,,
https://www.udemy.com/course/pl-400-microsoft-power-platform-developer-course/,,
https://www.udemy.com/course/managing-and-configuring-microsoft-hyper-v-beginner/,,
https://www.udemy.com/course/70-778-analyzing-and-visualizing-data-with-power-bi/,,
https://www.udemy.com/course/office-365-administration-exam-70-346/,,
https://www.udemy.com/course/microsoft-sccm-training/,,
https://www.udemy.com/course/ms100course/,,
https://www.udemy.com/course/microsoft-sql-server-2017-for-everyone/,,
https://www.udemy.com/course/ms101course/,,
https://www.udemy.com/course/masteringssis2016part2/,,
https://www.udemy.com/course/mobility-security-bundle-ms-100-ms-101-sharepoint/,,
https://www.udemy.com/course/microsoft-windows-server-2012-certification-exam-70-412/,,
https://www.udemy.com/course/pl-900-microsoft-power-platform-fundamentals-complete-guide/,,
https://www.udemy.com/course/the-ultimate-microsoft-sql-server-course-all-in-one/,,
https://www.udemy.com/course/pl-900-microsoft-power-platform-fundamentals-r/,,
https://www.udemy.com/course/microsoft-power-bi-certification-da-100-exam-prep/,,
https://www.udemy.com/course/md101examlabpractice/,,
https://www.udemy.com/course/pl-200-microsoft-power-platform-functional-consultant-course/,,
https://www.udemy.com/course/exam-ms-100-managing-office-365-identities-and-requirements/,,
https://www.udemy.com/course/learn-windows-server-2022-in-an-easy-way-basics-to-advanced/,,
